{"cameraMode":{"drawMode":0,"name":"Shaded","section":"Shading Mode"},"sceneLighting":true,"audioPlay":false,"sceneViewState":{"showFog":true,"showMaterialUpdate":false,"showSkybox":true,"showFlares":true,"showImageEffects":true,"showParticleSystems":true},"in2DMode":false,"pivot":{"x":0.7011805176734924,"y":-0.17617158591747285,"z":26.301115036010743},"rotation":{"x":-0.08101493865251541,"y":0.20101280510425569,"z":-0.01668393239378929,"w":-0.9760902523994446},"size":10.0,"orthographic":false}