{"cameraMode":{"drawMode":0,"name":"Shaded","section":"Shading Mode"},"sceneLighting":true,"audioPlay":false,"sceneViewState":{"showFog":true,"showMaterialUpdate":false,"showSkybox":true,"showFlares":true,"showImageEffects":true,"showParticleSystems":true},"in2DMode":false,"pivot":{"x":3.4374327659606935,"y":1.1484428644180298,"z":8.8781156539917},"rotation":{"x":-0.21475785970687867,"y":0.5432954430580139,"z":-0.1461634784936905,"w":-0.7983391284942627},"size":10.300000190734864,"orthographic":false}