{"cameraMode":{"drawMode":0,"name":"Shaded","section":"Shading Mode"},"sceneLighting":false,"audioPlay":false,"sceneViewState":{"showFog":true,"showMaterialUpdate":true,"showSkybox":true,"showFlares":true,"showImageEffects":true,"showParticleSystems":true},"in2DMode":false,"pivot":{"x":-1.2024526596069337,"y":0.26333606243133547,"z":5.38599967956543},"rotation":{"x":-0.14993926882743836,"y":0.5497137904167175,"z":-0.10106352716684342,"w":-0.8155484199523926},"size":6.160304069519043,"orthographic":false}