{"cameraMode":{"drawMode":0,"name":"Shaded","section":"Shading Mode"},"sceneLighting":false,"audioPlay":false,"sceneViewState":{"showFog":true,"showMaterialUpdate":true,"showSkybox":true,"showFlares":true,"showImageEffects":true,"showParticleSystems":true},"in2DMode":false,"pivot":{"x":-11.126626968383789,"y":5.173007965087891,"z":9.918603897094727},"rotation":{"x":-0.01588122360408306,"y":0.9811055660247803,"z":-0.09188798069953919,"w":-0.16951793432235719},"size":27.815824508666993,"orthographic":false}