{"cameraMode":{"drawMode":0,"name":"Shaded","section":"Shading Mode"},"sceneLighting":false,"audioPlay":false,"sceneViewState":{"showFog":true,"showMaterialUpdate":true,"showSkybox":true,"showFlares":true,"showImageEffects":true,"showParticleSystems":true},"in2DMode":false,"pivot":{"x":-24.573606491088868,"y":1.3507550954818726,"z":3.899564027786255},"rotation":{"x":0.09316090494394303,"y":-0.8280640244483948,"z":0.1445576399564743,"w":0.5336048007011414},"size":27.460124969482423,"orthographic":false}