{"cameraMode":{"drawMode":0,"name":"Shaded","section":"Shading Mode"},"sceneLighting":true,"audioPlay":false,"sceneViewState":{"showFog":true,"showMaterialUpdate":true,"showSkybox":true,"showFlares":true,"showImageEffects":true,"showParticleSystems":true},"in2DMode":false,"pivot":{"x":-27.76276206970215,"y":-8.094558715820313,"z":98.80579376220703},"rotation":{"x":-0.0796016976237297,"y":0.7907808423042297,"z":-0.10530968755483628,"w":-0.5976948142051697},"size":39.15574645996094,"orthographic":false}