{"cameraMode":{"drawMode":0,"name":"Shaded","section":"Shading Mode"},"sceneLighting":false,"audioPlay":false,"sceneViewState":{"showFog":true,"showMaterialUpdate":true,"showSkybox":true,"showFlares":true,"showImageEffects":true,"showParticleSystems":true},"in2DMode":false,"pivot":{"x":1.2023544311523438,"y":0.26774513721466067,"z":100.95930480957031},"rotation":{"x":-0.023418575525283815,"y":0.976170003414154,"z":-0.1374543309211731,"w":-0.16628308594226838},"size":5.784853935241699,"orthographic":false}