{"cameraMode":{"drawMode":0,"name":"Shaded","section":"Shading Mode"},"sceneLighting":false,"audioPlay":false,"sceneViewState":{"showFog":true,"showMaterialUpdate":true,"showSkybox":true,"showFlares":true,"showImageEffects":true,"showParticleSystems":true},"in2DMode":false,"pivot":{"x":-4.015528202056885,"y":4.057229995727539,"z":11.077463150024414},"rotation":{"x":0.03316640108823776,"y":0.754966676235199,"z":0.03829662874341011,"w":-0.653803288936615},"size":11.449376106262207,"orthographic":false}