{"cameraMode":{"drawMode":0,"name":"Shaded","section":"Shading Mode"},"sceneLighting":false,"audioPlay":false,"sceneViewState":{"showFog":true,"showMaterialUpdate":true,"showSkybox":true,"showFlares":true,"showImageEffects":true,"showParticleSystems":true},"in2DMode":false,"pivot":{"x":-13.472426414489746,"y":2.1290600299835207,"z":-1.5633325576782227},"rotation":{"x":0.018758999183773996,"y":-0.7268938422203064,"z":0.0198691226541996,"w":0.686206042766571},"size":11.460090637207032,"orthographic":false}