{"cameraMode":{"drawMode":0,"name":"Shaded","section":"Shading Mode"},"sceneLighting":false,"audioPlay":false,"sceneViewState":{"showFog":true,"showMaterialUpdate":true,"showSkybox":true,"showFlares":true,"showImageEffects":true,"showParticleSystems":true},"in2DMode":false,"pivot":{"x":-12.652632713317871,"y":2.4972400665283205,"z":-3.4566965103149416},"rotation":{"x":-0.006576988846063614,"y":0.9884135127067566,"z":-0.04483702406287193,"w":-0.14486271142959596},"size":11.460090637207032,"orthographic":false}