{"cameraMode":{"drawMode":0,"name":"Shaded","section":"Shading Mode"},"sceneLighting":false,"audioPlay":false,"sceneViewState":{"showFog":true,"showMaterialUpdate":false,"showSkybox":true,"showFlares":true,"showImageEffects":true,"showParticleSystems":true},"in2DMode":false,"pivot":{"x":-26.843114852905275,"y":-17.74353790283203,"z":63.47995376586914},"rotation":{"x":0.10416968911886215,"y":-0.015663286671042444,"z":0.002877446124330163,"w":0.9944320917129517},"size":4.202843189239502,"orthographic":false}