{"cameraMode":{"drawMode":0,"name":"Shaded","section":"Shading Mode"},"sceneLighting":false,"audioPlay":false,"sceneViewState":{"showFog":true,"showMaterialUpdate":false,"showSkybox":true,"showFlares":true,"showImageEffects":true,"showParticleSystems":true},"in2DMode":false,"pivot":{"x":-6.968382835388184,"y":1.0258028507232667,"z":111.94469451904297},"rotation":{"x":-0.005193707067519426,"y":-0.9057072401046753,"z":-0.008196772076189518,"w":0.42379269003868105},"size":7.5411481857299809,"orthographic":false}