{"cameraMode":{"drawMode":0,"name":"Shaded","section":"Shading Mode"},"sceneLighting":false,"audioPlay":false,"sceneViewState":{"showFog":true,"showMaterialUpdate":false,"showSkybox":true,"showFlares":true,"showImageEffects":true,"showParticleSystems":true},"in2DMode":false,"pivot":{"x":-30.33672332763672,"y":-22.417917251586915,"z":57.95357131958008},"rotation":{"x":0.10733826458454132,"y":-0.679283618927002,"z":0.10317531228065491,"w":0.7186148166656494},"size":8.351327896118164,"orthographic":false}