{"cameraMode":{"drawMode":0,"name":"Shaded","section":"Shading Mode"},"sceneLighting":false,"audioPlay":false,"sceneViewState":{"showFog":true,"showMaterialUpdate":false,"showSkybox":true,"showFlares":true,"showImageEffects":true,"showParticleSystems":true},"in2DMode":false,"pivot":{"x":-2.094386577606201,"y":-0.6748565435409546,"z":3.4489405155181886},"rotation":{"x":0.12335903942584992,"y":-0.583092987537384,"z":0.09014010429382324,"w":0.797909677028656},"size":8.747766494750977,"orthographic":false}