{"cameraMode":{"drawMode":0,"name":"Shaded","section":"Shading Mode"},"sceneLighting":false,"audioPlay":false,"sceneViewState":{"showFog":true,"showMaterialUpdate":false,"showSkybox":true,"showFlares":true,"showImageEffects":true,"showParticleSystems":true},"in2DMode":false,"pivot":{"x":-7.217939376831055,"y":-3.1308469772338869,"z":108.239013671875},"rotation":{"x":0.10142259299755097,"y":-0.8972042202949524,"z":0.2765187621116638,"w":0.3290523886680603},"size":7.399689197540283,"orthographic":false}