{"cameraMode":{"drawMode":0,"name":"Shaded","section":"Shading Mode"},"sceneLighting":false,"audioPlay":false,"sceneViewState":{"showFog":true,"showMaterialUpdate":false,"showSkybox":true,"showFlares":true,"showImageEffects":true,"showParticleSystems":true},"in2DMode":false,"pivot":{"x":-22.128772735595704,"y":-15.475043296813965,"z":57.66752243041992},"rotation":{"x":0.07937965542078018,"y":0.8960142731666565,"z":-0.17453044652938844,"w":0.40049535036087038},"size":6.596186637878418,"orthographic":false}