{"cameraMode":{"drawMode":0,"name":"Shaded","section":"Shading Mode"},"sceneLighting":false,"audioPlay":false,"sceneViewState":{"showFog":true,"showMaterialUpdate":false,"showSkybox":true,"showFlares":true,"showImageEffects":true,"showParticleSystems":true},"in2DMode":false,"pivot":{"x":2.3339955806732179,"y":-0.43993163108825686,"z":108.43712615966797},"rotation":{"x":0.01570129208266735,"y":-0.9834842085838318,"z":0.10560548305511475,"w":0.14614994823932649},"size":7.1028523445129398,"orthographic":false}