{"cameraMode":{"drawMode":0,"name":"Shaded","section":"Shading Mode"},"sceneLighting":false,"audioPlay":false,"sceneViewState":{"showFog":true,"showMaterialUpdate":false,"showSkybox":true,"showFlares":true,"showImageEffects":true,"showParticleSystems":true},"in2DMode":false,"pivot":{"x":-32.31294250488281,"y":-22.345863342285158,"z":58.27090835571289},"rotation":{"x":0.2110506296157837,"y":-0.7370821237564087,"z":0.2689599394798279,"w":0.582947850227356},"size":12.521316528320313,"orthographic":false}