{"cameraMode":{"drawMode":0,"name":"Shaded","section":"Shading Mode"},"sceneLighting":false,"audioPlay":false,"sceneViewState":{"showFog":true,"showMaterialUpdate":false,"showSkybox":true,"showFlares":true,"showImageEffects":true,"showParticleSystems":true},"in2DMode":false,"pivot":{"x":-26.20627212524414,"y":-22.516435623168947,"z":57.70952606201172},"rotation":{"x":-0.00918983668088913,"y":0.9864262342453003,"z":-0.14859332144260407,"w":-0.0692744329571724},"size":6.434960842132568,"orthographic":false}