{"cameraMode":{"drawMode":0,"name":"Shaded","section":"Shading Mode"},"sceneLighting":false,"audioPlay":false,"sceneViewState":{"showFog":true,"showMaterialUpdate":false,"showSkybox":true,"showFlares":true,"showImageEffects":true,"showParticleSystems":true},"in2DMode":false,"pivot":{"x":15.391608238220215,"y":0.7155555486679077,"z":119.35921478271485},"rotation":{"x":-0.061141300946474078,"y":0.9014449715614319,"z":-0.13898682594299317,"w":-0.4053904712200165},"size":4.202852725982666,"orthographic":false}