{"cameraMode":{"drawMode":0,"name":"Shaded","section":"Shading Mode"},"sceneLighting":false,"audioPlay":false,"sceneViewState":{"showFog":true,"showMaterialUpdate":false,"showSkybox":true,"showFlares":true,"showImageEffects":true,"showParticleSystems":true},"in2DMode":false,"pivot":{"x":1.759062647819519,"y":1.4663894176483155,"z":11.991999626159668},"rotation":{"x":0.13133999705314637,"y":-0.6763302087783814,"z":0.12439066171646118,"w":0.7140407562255859},"size":12.008882522583008,"orthographic":false}