{"cameraMode":{"drawMode":0,"name":"Shaded","section":"Shading Mode"},"sceneLighting":false,"audioPlay":false,"sceneViewState":{"showFog":true,"showMaterialUpdate":false,"showSkybox":true,"showFlares":true,"showImageEffects":true,"showParticleSystems":true},"in2DMode":false,"pivot":{"x":-11.588312149047852,"y":-1.2244173288345338,"z":102.30647277832031},"rotation":{"x":0.10913019627332688,"y":-0.8299078345298767,"z":0.17466053366661073,"w":0.5184952020645142},"size":7.483426570892334,"orthographic":false}