{"cameraMode":{"drawMode":0,"name":"Shaded","section":"Shading Mode"},"sceneLighting":false,"audioPlay":false,"sceneViewState":{"showFog":true,"showMaterialUpdate":false,"showSkybox":true,"showFlares":true,"showImageEffects":true,"showParticleSystems":true},"in2DMode":false,"pivot":{"x":-13.601136207580567,"y":-25.715158462524415,"z":52.17219924926758},"rotation":{"x":-0.025990750640630723,"y":-0.777874767780304,"z":0.03027593344449997,"w":-0.627151370048523},"size":10.813909530639649,"orthographic":false}