{"cameraMode":{"drawMode":0,"name":"Shaded","section":"Shading Mode"},"sceneLighting":false,"audioPlay":false,"sceneViewState":{"showFog":true,"showMaterialUpdate":false,"showSkybox":true,"showFlares":true,"showImageEffects":true,"showParticleSystems":true},"in2DMode":false,"pivot":{"x":17.632457733154298,"y":1.3705804347991944,"z":114.68926239013672},"rotation":{"x":-0.006847072392702103,"y":0.9881463646888733,"z":-0.14277546107769013,"w":-0.05599217116832733},"size":7.428606986999512,"orthographic":false}