{"cameraMode":{"drawMode":0,"name":"Shaded","section":"Shading Mode"},"sceneLighting":false,"audioPlay":false,"sceneViewState":{"showFog":true,"showMaterialUpdate":false,"showSkybox":true,"showFlares":true,"showImageEffects":true,"showParticleSystems":true},"in2DMode":false,"pivot":{"x":-2.9535000324249269,"y":-0.26592379808425906,"z":110.16084289550781},"rotation":{"x":-0.007705231662839651,"y":-0.9912974834442139,"z":0.112460196018219,"w":-0.06798998266458512},"size":7.305892467498779,"orthographic":false}