{"cameraMode":{"drawMode":0,"name":"Shaded","section":"Shading Mode"},"sceneLighting":false,"audioPlay":false,"sceneViewState":{"showFog":true,"showMaterialUpdate":false,"showSkybox":true,"showFlares":true,"showImageEffects":true,"showParticleSystems":true},"in2DMode":false,"pivot":{"x":2.997468948364258,"y":0.5544992685317993,"z":112.56196594238281},"rotation":{"x":-0.030516721308231355,"y":-0.6664157509803772,"z":0.027327246963977815,"w":-0.7444542646408081},"size":6.277942180633545,"orthographic":false}