{"cameraMode":{"drawMode":0,"name":"Shaded","section":"Shading Mode"},"sceneLighting":false,"audioPlay":false,"sceneViewState":{"showFog":true,"showMaterialUpdate":false,"showSkybox":true,"showFlares":true,"showImageEffects":true,"showParticleSystems":true},"in2DMode":false,"pivot":{"x":-5.807766437530518,"y":-3.9415102005004885,"z":122.86054992675781},"rotation":{"x":0.024030059576034547,"y":0.7768515944480896,"z":-0.6286133527755737,"w":0.027739617973566057},"size":6.855754375457764,"orthographic":false}