{"cameraMode":{"drawMode":0,"name":"Shaded","section":"Shading Mode"},"sceneLighting":false,"audioPlay":false,"sceneViewState":{"showFog":true,"showMaterialUpdate":false,"showSkybox":true,"showFlares":true,"showImageEffects":true,"showParticleSystems":true},"in2DMode":false,"pivot":{"x":-1.3445334434509278,"y":-0.787092387676239,"z":117.82052612304688},"rotation":{"x":0.10255207866430283,"y":0.3732769787311554,"z":-0.04022110253572464,"w":0.9211567044258118},"size":7.490502834320068,"orthographic":false}