{"cameraMode":{"drawMode":0,"name":"Shaded","section":"Shading Mode"},"sceneLighting":false,"audioPlay":false,"sceneViewState":{"showFog":true,"showMaterialUpdate":false,"showSkybox":true,"showFlares":true,"showImageEffects":true,"showParticleSystems":true},"in2DMode":false,"pivot":{"x":0.09050899744033814,"y":0.07101273536682129,"z":104.89494323730469},"rotation":{"x":-0.2860722541809082,"y":0.636653482913971,"z":-0.2755248546600342,"w":-0.6610000729560852},"size":6.246057510375977,"orthographic":false}