{"cameraMode":{"drawMode":0,"name":"Shaded","section":"Shading Mode"},"sceneLighting":false,"audioPlay":false,"sceneViewState":{"showFog":true,"showMaterialUpdate":false,"showSkybox":true,"showFlares":true,"showImageEffects":true,"showParticleSystems":true},"in2DMode":false,"pivot":{"x":-27.81707000732422,"y":-19.029470443725587,"z":65.44168853759766},"rotation":{"x":-0.25661158561706545,"y":0.5375328063964844,"z":-0.17765168845653535,"w":-0.7833575010299683},"size":3.9189674854278566,"orthographic":false}