{"cameraMode":{"drawMode":0,"name":"Shaded","section":"Shading Mode"},"sceneLighting":false,"audioPlay":false,"sceneViewState":{"showFog":true,"showMaterialUpdate":false,"showSkybox":true,"showFlares":true,"showImageEffects":true,"showParticleSystems":true},"in2DMode":false,"pivot":{"x":0.5246734619140625,"y":-0.34570997953414919,"z":102.94808197021485},"rotation":{"x":-0.025952983647584916,"y":0.9511963129043579,"z":-0.08338424563407898,"w":-0.29597148299217226},"size":7.146058082580566,"orthographic":false}