{"cameraMode":{"drawMode":0,"name":"Shaded","section":"Shading Mode"},"sceneLighting":false,"audioPlay":false,"sceneViewState":{"showFog":true,"showMaterialUpdate":false,"showSkybox":true,"showFlares":true,"showImageEffects":true,"showParticleSystems":true},"in2DMode":false,"pivot":{"x":-33.47941589355469,"y":-22.24622917175293,"z":64.49201202392578},"rotation":{"x":-0.13352333009243012,"y":0.626180112361908,"z":-0.11162656545639038,"w":-0.760006308555603},"size":11.879144668579102,"orthographic":false}