{"cameraMode":{"drawMode":0,"name":"Shaded","section":"Shading Mode"},"sceneLighting":false,"audioPlay":false,"sceneViewState":{"showFog":true,"showMaterialUpdate":false,"showSkybox":true,"showFlares":true,"showImageEffects":true,"showParticleSystems":true},"in2DMode":false,"pivot":{"x":-18.17013168334961,"y":-3.0858867168426515,"z":95.64942932128906},"rotation":{"x":0.06407017260789871,"y":-0.8861708641052246,"z":0.12889501452445985,"w":0.4404342472553253},"size":15.373465538024903,"orthographic":false}