{"cameraMode":{"drawMode":0,"name":"Shaded","section":"Shading Mode"},"sceneLighting":false,"audioPlay":false,"sceneViewState":{"showFog":true,"showMaterialUpdate":false,"showSkybox":true,"showFlares":true,"showImageEffects":true,"showParticleSystems":true},"in2DMode":false,"pivot":{"x":-2.5294909477233888,"y":0.08101272583007813,"z":104.89445495605469},"rotation":{"x":-0.7403637170791626,"y":-0.07380527257919312,"z":0.08242303878068924,"w":-0.6630391478538513},"size":6.251214504241943,"orthographic":false}