{"cameraMode":{"drawMode":0,"name":"Shaded","section":"Shading Mode"},"sceneLighting":false,"audioPlay":false,"sceneViewState":{"showFog":true,"showMaterialUpdate":false,"showSkybox":true,"showFlares":true,"showImageEffects":true,"showParticleSystems":true},"in2DMode":false,"pivot":{"x":-22.12456703186035,"y":-13.507826805114746,"z":63.41035079956055},"rotation":{"x":0.014427170157432557,"y":-0.977443277835846,"z":0.19557622075080872,"w":0.07839937508106232},"size":3.6962289810180666,"orthographic":false}