{"cameraMode":{"drawMode":0,"name":"Shaded","section":"Shading Mode"},"sceneLighting":false,"audioPlay":false,"sceneViewState":{"showFog":true,"showMaterialUpdate":false,"showSkybox":true,"showFlares":true,"showImageEffects":true,"showParticleSystems":true},"in2DMode":false,"pivot":{"x":-26.365215301513673,"y":5.834297180175781,"z":5.572789669036865},"rotation":{"x":0.3525630831718445,"y":0.013846485875546933,"z":-0.005222352687269449,"w":0.9356710314750671},"size":31.858379364013673,"orthographic":false}