{"cameraMode":{"drawMode":0,"name":"Shaded","section":"Shading Mode"},"sceneLighting":false,"audioPlay":false,"sceneViewState":{"showFog":true,"showMaterialUpdate":false,"showSkybox":true,"showFlares":true,"showImageEffects":true,"showParticleSystems":true},"in2DMode":false,"pivot":{"x":-1.1614503860473633,"y":-1.8348816633224488,"z":102.3958740234375},"rotation":{"x":0.023756379261612893,"y":0.9752263426780701,"z":-0.13142141699790955,"w":0.17634522914886475},"size":8.015887260437012,"orthographic":false}