{"cameraMode":{"drawMode":0,"name":"Shaded","section":"Shading Mode"},"sceneLighting":false,"audioPlay":false,"sceneViewState":{"showFog":true,"showMaterialUpdate":false,"showSkybox":true,"showFlares":true,"showImageEffects":true,"showParticleSystems":true},"in2DMode":false,"pivot":{"x":-29.850000381469728,"y":-21.886499404907228,"z":59.18000793457031},"rotation":{"x":-0.13352333009243012,"y":0.626180112361908,"z":-0.11162656545639038,"w":-0.760006308555603},"size":8.475337028503418,"orthographic":false}