{"cameraMode":{"drawMode":0,"name":"Shaded","section":"Shading Mode"},"sceneLighting":false,"audioPlay":false,"sceneViewState":{"showFog":true,"showMaterialUpdate":false,"showSkybox":true,"showFlares":true,"showImageEffects":true,"showParticleSystems":true},"in2DMode":false,"pivot":{"x":-49.04257583618164,"y":-19.882843017578126,"z":99.79913330078125},"rotation":{"x":-0.022900518029928209,"y":0.9540054202079773,"z":-0.2892152667045593,"w":-0.07552378624677658},"size":40.638248443603519,"orthographic":false}