{"cameraMode":{"drawMode":0,"name":"Shaded","section":"Shading Mode"},"sceneLighting":false,"audioPlay":false,"sceneViewState":{"showFog":true,"showMaterialUpdate":false,"showSkybox":true,"showFlares":true,"showImageEffects":true,"showParticleSystems":true},"in2DMode":false,"pivot":{"x":-29.61431121826172,"y":-21.948833465576173,"z":59.121124267578128},"rotation":{"x":0.12801167368888856,"y":0.7015560865402222,"z":-0.12853731215000153,"w":0.6891373991966248},"size":7.428606986999512,"orthographic":false}