{"cameraMode":{"drawMode":0,"name":"Shaded","section":"Shading Mode"},"sceneLighting":false,"audioPlay":false,"sceneViewState":{"showFog":true,"showMaterialUpdate":false,"showSkybox":true,"showFlares":true,"showImageEffects":true,"showParticleSystems":true},"in2DMode":false,"pivot":{"x":-3.1895718574523927,"y":0.7407045364379883,"z":102.47099304199219},"rotation":{"x":-0.1354820281267166,"y":0.5146088004112244,"z":-0.082734115421772,"w":-0.8426016569137573},"size":4.733572006225586,"orthographic":false}