{"cameraMode":{"drawMode":0,"name":"Shaded","section":"Shading Mode"},"sceneLighting":false,"audioPlay":false,"sceneViewState":{"showFog":true,"showMaterialUpdate":false,"showSkybox":true,"showFlares":true,"showImageEffects":true,"showParticleSystems":true},"in2DMode":false,"pivot":{"x":-0.21037089824676515,"y":-0.0299873948097229,"z":103.00636291503906},"rotation":{"x":-0.359295517206192,"y":0.3728058934211731,"z":-0.15934769809246064,"w":-0.8405539393424988},"size":5.734495639801025,"orthographic":false}