{"cameraMode":{"drawMode":0,"name":"Shaded","section":"Shading Mode"},"sceneLighting":false,"audioPlay":false,"sceneViewState":{"showFog":true,"showMaterialUpdate":false,"showSkybox":true,"showFlares":true,"showImageEffects":true,"showParticleSystems":true},"in2DMode":false,"pivot":{"x":-11.505374908447266,"y":-2.54296612739563,"z":107.84258270263672},"rotation":{"x":0.07128969579935074,"y":-0.8822473287582398,"z":0.14189565181732179,"w":0.4431963264942169},"size":7.6996893882751469,"orthographic":false}