{"cameraMode":{"drawMode":0,"name":"Shaded","section":"Shading Mode"},"sceneLighting":false,"audioPlay":false,"sceneViewState":{"showFog":true,"showMaterialUpdate":false,"showSkybox":true,"showFlares":true,"showImageEffects":true,"showParticleSystems":true},"in2DMode":false,"pivot":{"x":-20.756027221679689,"y":-15.13243579864502,"z":57.16263961791992},"rotation":{"x":-0.03674447536468506,"y":-0.9644432663917542,"z":0.18962615728378297,"w":-0.1803913116455078},"size":6.076274871826172,"orthographic":false}