{"cameraMode":{"drawMode":0,"name":"Shaded","section":"Shading Mode"},"sceneLighting":false,"audioPlay":false,"sceneViewState":{"showFog":true,"showMaterialUpdate":false,"showSkybox":true,"showFlares":true,"showImageEffects":true,"showParticleSystems":true},"in2DMode":false,"pivot":{"x":-44.3658332824707,"y":-21.705835342407228,"z":62.23670196533203},"rotation":{"x":0.11077821999788284,"y":-0.5631952285766602,"z":0.07804437726736069,"w":0.8151370882987976},"size":12.927102088928223,"orthographic":false}