{"cameraMode":{"drawMode":0,"name":"Shaded","section":"Shading Mode"},"sceneLighting":false,"audioPlay":false,"sceneViewState":{"showFog":true,"showMaterialUpdate":false,"showSkybox":true,"showFlares":true,"showImageEffects":true,"showParticleSystems":true},"in2DMode":false,"pivot":{"x":-54.636104583740237,"y":-14.685770988464356,"z":106.19107055664063},"rotation":{"x":0.09228913486003876,"y":-0.6236447691917419,"z":0.07448364794254303,"w":0.772659182548523},"size":5.747765064239502,"orthographic":false}