{"cameraMode":{"drawMode":0,"name":"Shaded","section":"Shading Mode"},"sceneLighting":false,"audioPlay":false,"sceneViewState":{"showFog":true,"showMaterialUpdate":false,"showSkybox":true,"showFlares":true,"showImageEffects":true,"showParticleSystems":true},"in2DMode":false,"pivot":{"x":0.12427759170532227,"y":0.07101273536682129,"z":106.94793701171875},"rotation":{"x":0.1794557422399521,"y":-0.8113256096839905,"z":0.3197707235813141,"w":0.45529451966285708},"size":7.07846736907959,"orthographic":false}