{"cameraMode":{"drawMode":0,"name":"Shaded","section":"Shading Mode"},"sceneLighting":false,"audioPlay":false,"sceneViewState":{"showFog":true,"showMaterialUpdate":false,"showSkybox":true,"showFlares":true,"showImageEffects":true,"showParticleSystems":true},"in2DMode":false,"pivot":{"x":-1.0743494033813477,"y":0.31644880771636965,"z":105.91995239257813},"rotation":{"x":0.12394078075885773,"y":-0.8000441193580627,"z":0.1771746575832367,"w":0.5596225261688232},"size":5.578466415405273,"orthographic":false}