{"cameraMode":{"drawMode":0,"name":"Shaded","section":"Shading Mode"},"sceneLighting":false,"audioPlay":false,"sceneViewState":{"showFog":true,"showMaterialUpdate":false,"showSkybox":true,"showFlares":true,"showImageEffects":true,"showParticleSystems":true},"in2DMode":false,"pivot":{"x":19.961414337158204,"y":-4.784995079040527,"z":-0.8202712535858154},"rotation":{"x":-0.029201647266745569,"y":-0.9943927526473999,"z":0.08545233309268952,"w":0.05503068119287491},"size":7.048337459564209,"orthographic":false}