{"cameraMode":{"drawMode":0,"name":"Shaded","section":"Shading Mode"},"sceneLighting":false,"audioPlay":false,"sceneViewState":{"showFog":true,"showMaterialUpdate":false,"showSkybox":true,"showFlares":true,"showImageEffects":true,"showParticleSystems":true},"in2DMode":false,"pivot":{"x":-28.20048713684082,"y":-22.54836654663086,"z":54.087249755859378},"rotation":{"x":-0.015890249982476236,"y":0.9672756791114807,"z":-0.0680534765124321,"w":-0.24391382932662965},"size":6.260103702545166,"orthographic":false}