{"cameraMode":{"drawMode":0,"name":"Shaded","section":"Shading Mode"},"sceneLighting":false,"audioPlay":false,"sceneViewState":{"showFog":true,"showMaterialUpdate":false,"showSkybox":true,"showFlares":true,"showImageEffects":true,"showParticleSystems":true},"in2DMode":false,"pivot":{"x":-3.668790817260742,"y":-0.7276729345321655,"z":115.0151596069336},"rotation":{"x":-0.019879242405295373,"y":-0.9821719527244568,"z":0.16624510288238526,"w":0.08547374606132508},"size":6.458216190338135,"orthographic":false}