{"cameraMode":{"drawMode":0,"name":"Shaded","section":"Shading Mode"},"sceneLighting":false,"audioPlay":false,"sceneViewState":{"showFog":true,"showMaterialUpdate":false,"showSkybox":true,"showFlares":true,"showImageEffects":true,"showParticleSystems":true},"in2DMode":false,"pivot":{"x":-25.912479400634767,"y":-18.147567749023439,"z":67.6716079711914},"rotation":{"x":-0.07856535166501999,"y":0.06949916481971741,"z":-0.006726043298840523,"w":-0.9944607615470886},"size":14.83191967010498,"orthographic":false}