{"cameraMode":{"drawMode":0,"name":"Shaded","section":"Shading Mode"},"sceneLighting":false,"audioPlay":false,"sceneViewState":{"showFog":true,"showMaterialUpdate":false,"showSkybox":true,"showFlares":true,"showImageEffects":true,"showParticleSystems":true},"in2DMode":false,"pivot":{"x":-27.861446380615236,"y":-18.55500030517578,"z":55.18937301635742},"rotation":{"x":-0.10059240460395813,"y":0.8906682729721069,"z":-0.24638895690441132,"w":-0.36862415075302126},"size":11.019575119018555,"orthographic":false}