{"cameraMode":{"drawMode":0,"name":"Shaded","section":"Shading Mode"},"sceneLighting":false,"audioPlay":false,"sceneViewState":{"showFog":true,"showMaterialUpdate":false,"showSkybox":true,"showFlares":true,"showImageEffects":true,"showParticleSystems":true},"in2DMode":false,"pivot":{"x":0.9469122886657715,"y":-0.31758928298950198,"z":105.80223083496094},"rotation":{"x":0.045283589512109759,"y":-0.9286307692527771,"z":0.1208781749010086,"w":0.3478259742259979},"size":6.778467178344727,"orthographic":false}