{"cameraMode":{"drawMode":0,"name":"Shaded","section":"Shading Mode"},"sceneLighting":false,"audioPlay":false,"sceneViewState":{"showFog":true,"showMaterialUpdate":false,"showSkybox":true,"showFlares":true,"showImageEffects":true,"showParticleSystems":true},"in2DMode":false,"pivot":{"x":1.0270624160766602,"y":-0.18981623649597169,"z":114.31875610351563},"rotation":{"x":-0.033427827060222629,"y":0.9395730495452881,"z":-0.10022823512554169,"w":-0.32563695311546328},"size":6.41148042678833,"orthographic":false}