{"cameraMode":{"drawMode":0,"name":"Shaded","section":"Shading Mode"},"sceneLighting":false,"audioPlay":false,"sceneViewState":{"showFog":true,"showMaterialUpdate":false,"showSkybox":true,"showFlares":true,"showImageEffects":true,"showParticleSystems":true},"in2DMode":false,"pivot":{"x":2.1940901279449465,"y":0.15001368522644044,"z":-0.7669999599456787},"rotation":{"x":-0.08988350629806519,"y":0.8136588931083679,"z":-0.13076022267341615,"w":-0.55926913022995},"size":5.747766017913818,"orthographic":false}