{"cameraMode":{"drawMode":0,"name":"Shaded","section":"Shading Mode"},"sceneLighting":false,"audioPlay":false,"sceneViewState":{"showFog":true,"showMaterialUpdate":false,"showSkybox":true,"showFlares":true,"showImageEffects":true,"showParticleSystems":true},"in2DMode":false,"pivot":{"x":-6.190650939941406,"y":-1.6898726224899293,"z":100.90352630615235},"rotation":{"x":0.023131845518946649,"y":-0.9547237753868103,"z":0.28640052676200869,"w":0.07708612829446793},"size":6.25121545791626,"orthographic":false}