{"cameraMode":{"drawMode":0,"name":"Shaded","section":"Shading Mode"},"sceneLighting":false,"audioPlay":false,"sceneViewState":{"showFog":true,"showMaterialUpdate":false,"showSkybox":true,"showFlares":true,"showImageEffects":true,"showParticleSystems":true},"in2DMode":false,"pivot":{"x":-31.23000144958496,"y":-14.359228134155274,"z":107.79000091552735},"rotation":{"x":0.0818515196442604,"y":0.8403717279434204,"z":-0.13250893354415894,"w":0.5191503763198853},"size":29.93327522277832,"orthographic":false}