{"cameraMode":{"drawMode":0,"name":"Shaded","section":"Shading Mode"},"sceneLighting":false,"audioPlay":false,"sceneViewState":{"showFog":true,"showMaterialUpdate":false,"showSkybox":true,"showFlares":true,"showImageEffects":true,"showParticleSystems":true},"in2DMode":false,"pivot":{"x":-17.176193237304689,"y":-27.688934326171876,"z":50.55634307861328},"rotation":{"x":-0.005450813565403223,"y":0.974157989025116,"z":-0.22390474379062653,"w":-0.029210124164819719},"size":7.734081268310547,"orthographic":false}