{"cameraMode":{"drawMode":0,"name":"Shaded","section":"Shading Mode"},"sceneLighting":false,"audioPlay":false,"sceneViewState":{"showFog":true,"showMaterialUpdate":false,"showSkybox":true,"showFlares":true,"showImageEffects":true,"showParticleSystems":true},"in2DMode":false,"pivot":{"x":-3.5530428886413576,"y":-1.3315728902816773,"z":119.18104553222656},"rotation":{"x":0.16442807018756867,"y":0.3047802448272705,"z":-0.052189260721206668,"w":0.9366689324378967},"size":7.240458965301514,"orthographic":false}