{"cameraMode":{"drawMode":0,"name":"Shaded","section":"Shading Mode"},"sceneLighting":false,"audioPlay":false,"sceneViewState":{"showFog":true,"showMaterialUpdate":false,"showSkybox":true,"showFlares":true,"showImageEffects":true,"showParticleSystems":true},"in2DMode":false,"pivot":{"x":0.25762367248535159,"y":0.02238786220550537,"z":120.58453369140625},"rotation":{"x":-0.01088572945445776,"y":0.9695397019386292,"z":-0.049162764102220538,"w":-0.2397027164697647},"size":6.134957790374756,"orthographic":false}