{"cameraMode":{"drawMode":0,"name":"Shaded","section":"Shading Mode"},"sceneLighting":false,"audioPlay":false,"sceneViewState":{"showFog":true,"showMaterialUpdate":false,"showSkybox":true,"showFlares":true,"showImageEffects":true,"showParticleSystems":true},"in2DMode":false,"pivot":{"x":2.6902284622192385,"y":1.4728193283081055,"z":6.683189868927002},"rotation":{"x":0.051808327436447147,"y":-0.7361431121826172,"z":0.056705571711063388,"w":0.6724535226821899},"size":10.014702796936036,"orthographic":false}