{"cameraMode":{"drawMode":0,"name":"Shaded","section":"Shading Mode"},"sceneLighting":false,"audioPlay":false,"sceneViewState":{"showFog":true,"showMaterialUpdate":false,"showSkybox":true,"showFlares":true,"showImageEffects":true,"showParticleSystems":true},"in2DMode":false,"pivot":{"x":-6.855496406555176,"y":0.0017359256744384766,"z":108.61348724365235},"rotation":{"x":0.14620596170425416,"y":-0.5593811869621277,"z":0.14384017884731294,"w":0.8031354546546936},"size":6.362013339996338,"orthographic":false}