{"cameraMode":{"drawMode":0,"name":"Shaded","section":"Shading Mode"},"sceneLighting":true,"audioPlay":false,"sceneViewState":{"showFog":true,"showMaterialUpdate":false,"showSkybox":true,"showFlares":true,"showImageEffects":true,"showParticleSystems":true},"in2DMode":false,"pivot":{"x":-1.9472618103027344,"y":11.588066101074219,"z":50.2477912902832},"rotation":{"x":-0.015563027933239937,"y":-0.9435771107673645,"z":0.05854330584406853,"w":0.32556530833244326},"size":22.39295768737793,"orthographic":false}