{"cameraMode":{"drawMode":0,"name":"Shaded","section":"Shading Mode"},"sceneLighting":false,"audioPlay":false,"sceneViewState":{"showFog":true,"showMaterialUpdate":false,"showSkybox":true,"showFlares":true,"showImageEffects":true,"showParticleSystems":true},"in2DMode":false,"pivot":{"x":-29.350696563720704,"y":-14.467012405395508,"z":68.85181427001953},"rotation":{"x":0.06836247444152832,"y":-0.5567814707756043,"z":0.08722632378339768,"w":0.8232330083847046},"size":38.79240036010742,"orthographic":false}