{"cameraMode":{"drawMode":0,"name":"Shaded","section":"Shading Mode"},"sceneLighting":false,"audioPlay":false,"sceneViewState":{"showFog":true,"showMaterialUpdate":false,"showSkybox":true,"showFlares":true,"showImageEffects":true,"showParticleSystems":true},"in2DMode":false,"pivot":{"x":-25.02251434326172,"y":-17.15283203125,"z":59.71500015258789},"rotation":{"x":-0.07856535166501999,"y":0.06949916481971741,"z":-0.006726043298840523,"w":-0.9944607615470886},"size":15.289342880249024,"orthographic":false}