{"cameraMode":{"drawMode":0,"name":"Shaded","section":"Shading Mode"},"sceneLighting":false,"audioPlay":false,"sceneViewState":{"showFog":true,"showMaterialUpdate":false,"showSkybox":true,"showFlares":true,"showImageEffects":true,"showParticleSystems":true},"in2DMode":false,"pivot":{"x":20.13442611694336,"y":-0.7432551383972168,"z":120.91461181640625},"rotation":{"x":-0.20369289815425874,"y":-0.11420182883739472,"z":0.02266729809343815,"w":-0.9720870852470398},"size":12.8087158203125,"orthographic":false}