{"cameraMode":{"drawMode":0,"name":"Shaded","section":"Shading Mode"},"sceneLighting":false,"audioPlay":false,"sceneViewState":{"showFog":true,"showMaterialUpdate":false,"showSkybox":true,"showFlares":true,"showImageEffects":true,"showParticleSystems":true},"in2DMode":false,"pivot":{"x":-20.172155380249025,"y":-27.06545066833496,"z":57.02078628540039},"rotation":{"x":-0.005450813565403223,"y":0.974157989025116,"z":-0.22390474379062653,"w":-0.029210124164819719},"size":2.9193484783172609,"orthographic":false}