{"cameraMode":{"drawMode":0,"name":"Shaded","section":"Shading Mode"},"sceneLighting":false,"audioPlay":false,"sceneViewState":{"showFog":true,"showMaterialUpdate":false,"showSkybox":true,"showFlares":true,"showImageEffects":true,"showParticleSystems":true},"in2DMode":false,"pivot":{"x":-5.235408782958984,"y":-2.477780342102051,"z":106.01748657226563},"rotation":{"x":-0.1392994225025177,"y":0.848275899887085,"z":-0.27401429414749148,"w":-0.4312075078487396},"size":5.8331756591796879,"orthographic":false}