{"cameraMode":{"drawMode":0,"name":"Shaded","section":"Shading Mode"},"sceneLighting":false,"audioPlay":false,"sceneViewState":{"showFog":true,"showMaterialUpdate":false,"showSkybox":true,"showFlares":true,"showImageEffects":true,"showParticleSystems":true},"in2DMode":false,"pivot":{"x":0.24128007888793946,"y":-0.02154940366744995,"z":109.67073822021485},"rotation":{"x":0.03881671279668808,"y":-0.8960070610046387,"z":0.07992551475763321,"w":0.4350592792034149},"size":5.745205402374268,"orthographic":false}