{"cameraMode":{"drawMode":0,"name":"Shaded","section":"Shading Mode"},"sceneLighting":false,"audioPlay":false,"sceneViewState":{"showFog":true,"showMaterialUpdate":false,"showSkybox":true,"showFlares":true,"showImageEffects":true,"showParticleSystems":true},"in2DMode":false,"pivot":{"x":-0.012583702802658081,"y":0.20997542142868043,"z":120.24894714355469},"rotation":{"x":-0.10803264379501343,"y":0.8907310962677002,"z":-0.31386449933052065,"w":-0.3105095624923706},"size":6.458212852478027,"orthographic":false}