{"cameraMode":{"drawMode":0,"name":"Shaded","section":"Shading Mode"},"sceneLighting":false,"audioPlay":false,"sceneViewState":{"showFog":true,"showMaterialUpdate":false,"showSkybox":true,"showFlares":true,"showImageEffects":true,"showParticleSystems":true},"in2DMode":false,"pivot":{"x":-22.20271110534668,"y":-14.767106056213379,"z":59.546138763427737},"rotation":{"x":0.06722044944763184,"y":0.9269425868988037,"z":-0.31353560090065,"w":0.19481885433197022},"size":6.580546855926514,"orthographic":false}