{"cameraMode":{"drawMode":0,"name":"Shaded","section":"Shading Mode"},"sceneLighting":false,"audioPlay":false,"sceneViewState":{"showFog":true,"showMaterialUpdate":false,"showSkybox":true,"showFlares":true,"showImageEffects":true,"showParticleSystems":true},"in2DMode":false,"pivot":{"x":0.4731717109680176,"y":-0.661871075630188,"z":118.29228973388672},"rotation":{"x":0.06547876447439194,"y":-0.8961890339851379,"z":0.14123962819576264,"w":0.41546252369880679},"size":6.468777179718018,"orthographic":false}