{"cameraMode":{"drawMode":0,"name":"Shaded","section":"Shading Mode"},"sceneLighting":false,"audioPlay":false,"sceneViewState":{"showFog":true,"showMaterialUpdate":false,"showSkybox":true,"showFlares":true,"showImageEffects":true,"showParticleSystems":true},"in2DMode":false,"pivot":{"x":-0.37108778953552248,"y":-0.16897791624069215,"z":100.11256408691406},"rotation":{"x":0.020137405022978784,"y":-0.9410279989242554,"z":0.05690060555934906,"w":0.332901269197464},"size":5.734495639801025,"orthographic":false}