{"cameraMode":{"drawMode":0,"name":"Shaded","section":"Shading Mode"},"sceneLighting":false,"audioPlay":false,"sceneViewState":{"showFog":true,"showMaterialUpdate":false,"showSkybox":true,"showFlares":true,"showImageEffects":true,"showParticleSystems":true},"in2DMode":false,"pivot":{"x":-4.001091957092285,"y":-3.909369468688965,"z":108.20248413085938},"rotation":{"x":0.12270534783601761,"y":-0.8084516525268555,"z":0.18159416317939759,"w":0.5462352633476257},"size":11.774134635925293,"orthographic":false}