{"cameraMode":{"drawMode":0,"name":"Shaded","section":"Shading Mode"},"sceneLighting":false,"audioPlay":false,"sceneViewState":{"showFog":true,"showMaterialUpdate":false,"showSkybox":true,"showFlares":true,"showImageEffects":true,"showParticleSystems":true},"in2DMode":false,"pivot":{"x":-31.1047306060791,"y":-13.627326965332032,"z":31.418609619140626},"rotation":{"x":0.2819281816482544,"y":0.1957004815340042,"z":-0.05753941088914871,"w":0.9375004768371582},"size":115.04948425292969,"orthographic":false}