{"cameraMode":{"drawMode":0,"name":"Shaded","section":"Shading Mode"},"sceneLighting":false,"audioPlay":false,"sceneViewState":{"showFog":true,"showMaterialUpdate":false,"showSkybox":true,"showFlares":true,"showImageEffects":true,"showParticleSystems":true},"in2DMode":false,"pivot":{"x":-2.440370559692383,"y":-0.06998735666275025,"z":102.96794128417969},"rotation":{"x":-0.5178712010383606,"y":0.09239717572927475,"z":-0.056379564106464389,"w":-0.8485832810401917},"size":5.734495639801025,"orthographic":false}