{"cameraMode":{"drawMode":0,"name":"Shaded","section":"Shading Mode"},"sceneLighting":false,"audioPlay":false,"sceneViewState":{"showFog":true,"showMaterialUpdate":false,"showSkybox":true,"showFlares":true,"showImageEffects":true,"showParticleSystems":true},"in2DMode":false,"pivot":{"x":-29.2496337890625,"y":-19.64861297607422,"z":59.02704620361328},"rotation":{"x":-0.22640776634216309,"y":-0.7355334758758545,"z":0.2907772660255432,"w":-0.5684880018234253},"size":13.121331214904786,"orthographic":false}