{"cameraMode":{"drawMode":0,"name":"Shaded","section":"Shading Mode"},"sceneLighting":false,"audioPlay":false,"sceneViewState":{"showFog":true,"showMaterialUpdate":false,"showSkybox":true,"showFlares":true,"showImageEffects":true,"showParticleSystems":true},"in2DMode":false,"pivot":{"x":4.746475696563721,"y":0.8868284225463867,"z":124.02877044677735},"rotation":{"x":0.033345263451337817,"y":-0.6763322353363037,"z":0.03067031316459179,"w":0.7352021336555481},"size":0.24588079750537873,"orthographic":false}