{"cameraMode":{"drawMode":0,"name":"Shaded","section":"Shading Mode"},"sceneLighting":false,"audioPlay":false,"sceneViewState":{"showFog":true,"showMaterialUpdate":false,"showSkybox":true,"showFlares":true,"showImageEffects":true,"showParticleSystems":true},"in2DMode":false,"pivot":{"x":1.9482433795928956,"y":0.1494607925415039,"z":131.73475646972657},"rotation":{"x":-0.30912402272224429,"y":0.6743473410606384,"z":-0.3749004900455475,"w":-0.5560104846954346},"size":5.967851638793945,"orthographic":false}