{"cameraMode":{"drawMode":0,"name":"Shaded","section":"Shading Mode"},"sceneLighting":false,"audioPlay":false,"sceneViewState":{"showFog":true,"showMaterialUpdate":false,"showSkybox":true,"showFlares":true,"showImageEffects":true,"showParticleSystems":true},"in2DMode":false,"pivot":{"x":-0.48209047317504885,"y":0.011691927909851075,"z":5.184667110443115},"rotation":{"x":0.060648027807474139,"y":-0.7046308517456055,"z":0.06066121160984039,"w":0.7043702602386475},"size":6.947766304016113,"orthographic":false}