{"cameraMode":{"drawMode":0,"name":"Shaded","section":"Shading Mode"},"sceneLighting":false,"audioPlay":false,"sceneViewState":{"showFog":true,"showMaterialUpdate":false,"showSkybox":true,"showFlares":true,"showImageEffects":true,"showParticleSystems":true},"in2DMode":false,"pivot":{"x":2.1272411346435549,"y":0.25997549295425417,"z":117.65464782714844},"rotation":{"x":-0.011352519504725933,"y":0.9334096312522888,"z":-0.35710057616233828,"w":-0.033117447048425677},"size":6.449875831604004,"orthographic":false}