{"cameraMode":{"drawMode":0,"name":"Shaded","section":"Shading Mode"},"sceneLighting":false,"audioPlay":false,"sceneViewState":{"showFog":true,"showMaterialUpdate":false,"showSkybox":true,"showFlares":true,"showImageEffects":true,"showParticleSystems":true},"in2DMode":false,"pivot":{"x":-28.979305267333986,"y":-19.208110809326173,"z":66.10122680664063},"rotation":{"x":-0.2126690000295639,"y":0.3498002588748932,"z":-0.08322981745004654,"w":-0.9085617661476135},"size":6.296338081359863,"orthographic":false}