{"cameraMode":{"drawMode":0,"name":"Shaded","section":"Shading Mode"},"sceneLighting":true,"audioPlay":false,"sceneViewState":{"showFog":true,"showMaterialUpdate":false,"showSkybox":true,"showFlares":true,"showImageEffects":true,"showParticleSystems":true},"in2DMode":false,"pivot":{"x":-2.559053421020508,"y":-3.022141695022583,"z":109.06416320800781},"rotation":{"x":-0.15803024172782899,"y":0.5231733322143555,"z":-0.0994291603565216,"w":-0.8315225839614868},"size":12.70000171661377,"orthographic":false}