{"cameraMode":{"drawMode":0,"name":"Shaded","section":"Shading Mode"},"sceneLighting":false,"audioPlay":false,"sceneViewState":{"showFog":true,"showMaterialUpdate":false,"showSkybox":true,"showFlares":true,"showImageEffects":true,"showParticleSystems":true},"in2DMode":false,"pivot":{"x":-35.96337890625,"y":-22.663814544677736,"z":120.7231216430664},"rotation":{"x":-0.6211397051811218,"y":0.0550326332449913,"z":-0.043800193816423419,"w":-0.7805373072624207},"size":115.00757598876953,"orthographic":false}