{"cameraMode":{"drawMode":0,"name":"Shaded","section":"Shading Mode"},"sceneLighting":false,"audioPlay":false,"sceneViewState":{"showFog":true,"showMaterialUpdate":false,"showSkybox":true,"showFlares":true,"showImageEffects":true,"showParticleSystems":true},"in2DMode":false,"pivot":{"x":0.4208364486694336,"y":-0.10916727781295777,"z":109.79409790039063},"rotation":{"x":-0.0013760860310867429,"y":0.650105357170105,"z":-0.001177448546513915,"w":-0.7598419189453125},"size":6.9741315841674809,"orthographic":false}