{"cameraMode":{"drawMode":0,"name":"Shaded","section":"Shading Mode"},"sceneLighting":false,"audioPlay":false,"sceneViewState":{"showFog":true,"showMaterialUpdate":false,"showSkybox":true,"showFlares":true,"showImageEffects":true,"showParticleSystems":true},"in2DMode":false,"pivot":{"x":-31.170942306518556,"y":-14.96390151977539,"z":69.30000305175781},"rotation":{"x":-0.6211397051811218,"y":0.0550326332449913,"z":-0.043800193816423419,"w":-0.7805373072624207},"size":114.88480377197266,"orthographic":false}