{"cameraMode":{"drawMode":0,"name":"Shaded","section":"Shading Mode"},"sceneLighting":false,"audioPlay":false,"sceneViewState":{"showFog":true,"showMaterialUpdate":false,"showSkybox":true,"showFlares":true,"showImageEffects":true,"showParticleSystems":true},"in2DMode":false,"pivot":{"x":-31.1047306060791,"y":-13.627326965332032,"z":31.418609619140626},"rotation":{"x":-0.6211397051811218,"y":0.0550326332449913,"z":-0.043800193816423419,"w":-0.7805373072624207},"size":115.04948425292969,"orthographic":false}